{
  "freefall": {
    "r0": 10.0,
    "dt": 0.001,
    "rs": 1.0,
    "tau_analytical": 20.415184401122527,
    "tau_numerical": 20.416,
    "horizon_step": 20416,
    "crossing_abs_error": 0.0008155988774731782,
    "crossing_rel_error_pct": 0.00399506005651525,
    "radius_monotonic_decreasing": true,
    "norm_min": -1.0001859601602803,
    "norm_max": -0.9999901738552808,
    "norm_drift": 0.00019578630499950123,
    "energy_min": 0.9999996976186096,
    "energy_max": 1.0000002404852328,
    "energy_drift": 5.428666232099033e-07,
    "ic_note": "Initial conditions are E=1 radial infall (vt=1/f, vr=-sqrt(rs/r0)), not a particle released from local rest at r0."
  },
  "orbital": {
    "r0": 6.0,
    "dt": 0.01,
    "rs": 1.0,
    "r_min": 6.0,
    "r_max": 9.67555415,
    "bound": true,
    "escaped": false,
    "horizon_crossed": false,
    "norm_min": -1.0,
    "norm_max": -1.0,
    "norm_drift": 0.0,
    "energy_drift_max": 4.855780666446208e-09,
    "angular_momentum_drift_max": 4.6893510985412945e-07,
    "periapsis_count": 4,
    "periapsis_advance_mean": 8.15010693,
    "all_finite": true,
    "ic_note": "Driver logs E and L at t=0 only; CSV records norm but not E/L drift columns."
  },
  "null_geodesic": {
    "b_crit": 2.598076211353316,
    "dt_sweep_ic_note": "main_benchmark.cpp dt sweep reuses (vr, vph) from the last subcritical capture launch (b = b_crit - 1e-4) and overwrites null_b_<b0>.csv where b0 = L/E is recomputed after the null condition (typically ~b_crit + 3e-6).",
    "runs": [
      {
        "impact_parameter": 2.597076,
        "source_file": "null_b_2.597076.csv",
        "dt": 0.0005,
        "classification": "capture",
        "r_min": 0.999423429508433,
        "r_final": 0.999423429508433,
        "lambda_final": 16.0185,
        "deflection_deg": null,
        "h_error_max": 1.038866897846974e-05,
        "h_error_mean": 4.2099049419607556e-10,
        "de_max": 41.53588517424358,
        "dl_max": 3.024107965392748e-06,
        "escaped_postprocessed": false,
        "captured": true
      },
      {
        "impact_parameter": 2.598086,
        "source_file": "null_b_2.598086.csv",
        "dt": 0.0005,
        "classification": "escape",
        "r_min": 1.502407948473016,
        "r_final": 79.39258889043766,
        "lambda_final": 100.0,
        "deflection_deg": 854.4953458295199,
        "h_error_max": 7.725423295644236e-15,
        "h_error_mean": 1.1595246779993617e-15,
        "de_max": 3.952393967665557e-14,
        "dl_max": 4.273233966500492e-14,
        "escaped_postprocessed": false,
        "captured": false
      },
      {
        "impact_parameter": 2.598089,
        "source_file": "null_b_2.598089.csv",
        "dt": 0.0005,
        "classification": "escape",
        "r_min": 1.502745287026616,
        "r_final": 479.5839271666294,
        "lambda_final": 500.0,
        "deflection_deg": 841.0705751824804,
        "h_error_max": 1.3287335340911924e-14,
        "h_error_mean": 1.0712200160038382e-15,
        "de_max": 4.873879078104437e-14,
        "dl_max": 1.801593366653856e-13,
        "escaped_postprocessed": false,
        "captured": false
      },
      {
        "impact_parameter": 2.599076,
        "source_file": "null_b_2.599076.csv",
        "dt": 0.0005,
        "classification": "escape",
        "r_min": 1.524546362635609,
        "r_final": 83.37629054777551,
        "lambda_final": 100.0,
        "deflection_deg": 590.795254775311,
        "h_error_max": 7.151112704939372e-15,
        "h_error_mean": 1.1061986059832798e-15,
        "de_max": 3.697042672001771e-14,
        "dl_max": 3.126815791224751e-14,
        "escaped_postprocessed": false,
        "captured": false
      }
    ],
    "escape_count": 3,
    "capture_count": 1
  },
  "source_findings": {
    "freefall_ic": "Initial conditions are E=1 radial infall (vt=1/f, vr=-sqrt(rs/r0)), not a particle released from local rest at r0.",
    "orbital_el_drift_untracked": "Driver logs E and L at t=0 only; CSV records norm but not E/L drift columns.",
    "null_projection": "Null post-step projection resets U^t only (every 1000 steps); vr and vph are untouched.",
    "null_dt_sweep_ic": "main_benchmark.cpp dt sweep reuses (vr, vph) from the last subcritical capture launch (b = b_crit - 1e-4) and overwrites null_b_<b0>.csv where b0 = L/E is recomputed after the null condition (typically ~b_crit + 3e-6).",
    "escape_termination": "Escape is detected in benchmark console/CSV post-processing (r>1000, vr>0), not via TerminationPolicy.",
    "horizon_stiffness": "Schwarzschild coordinates become singular at r=r_s; freefall/orbital terminate at r<=r_s, null at r<=1.0001*r_s. RK4 steps can overshoot before termination check.",
    "csv_filename_stability": "null_geodesic.cpp names files via std::to_string(b0) (default 6 decimal places). Near-critical runs can share filenames; the dt sweep overwrites the same CSV multiple times, so only the final 1M-step trace persists for that b0.",
    "header_doc_mismatches": [
      "freefall.h claims 'from rest at r0' but implementation uses E=1 infall (vt=1/f, vr=-sqrt(rs/r0)).",
      "orbital.h says output is geodesic.csv; driver writes orbital.csv.",
      "null_geodesic.h says output is null_geodesic.csv; driver writes null_b_<b>.csv."
    ]
  }
}
